abandon*,-1
abas*,-1
abattoir*,-1
abdicat*,-1
aberra*,-1
abhor*,-1
ability*,1
abject*,-1
able,1
abnormal*,-1
abolish*,-1
abominab*,-1
abominat*,-1
abound*,1
abrasiv*,-1
absent*,-1
absolv*,1
absorbent*,1
absorption*,1
abstrus*,-1
absurd*,-1
abundanc*,1
abundant*,1
abus*,-1
acced*,1
accentuat*,1
accept*,1
accessib*,1
accident*,-1
acclaim*,1
acclamation*,1
accolad*,1
accommodat*,1
accomplish*,1
accord,1
accordan*,1
accorded*,1
accords,1
accost*,-1
accountab*,1
accru*,1
accuracy*,1
accurat*,1
accursed*,-1
accusation*,-1
accuse*,-1
accusing*,-1
accustom*,1
ace,1
aced,1
acerbi*,-1
aces,1
ache*,-1
achiev*,1
aching*,-1
achy,-1
acomia*,-1
acquaintanc*,1
acquiesc*,1
acrimon*,-1
active*,1
actual,1
actuali*,1
adactylism*,-1
adaptab*,1
adaptive,1
addict*,-1
adept*,1
adequat*,1
adhere*,1
admirab*,1
admiration*,1
admire*,1
admiring*,1
admit*,1
admonish*,-1
admonition*,-1
adopt*,1
adorable,1
adorably,1
adoration,1
adore*,1
adoring,1
adorn*,1
adroit*,1
adulterat*,-1
adultery*,-1
advanc*,1
advantag*,1
adventur*,1
advers*,-1
advisab*,1
advocacy*,1
advocat*,1
affab*,1
affectation*,-1
affected*,-1
affection*,1
affinity*,1
affirm*,1
affix*,1
afflict*,-1
affluent*,1
afford*,1
affright*,-1
affront*,-1
afloat*,1
afraid*,-1
against,-1
ageism,-1
ageist,-1
aggravat*,-1
aggress*,-1
aggriev*,-1
aghast*,-1
agil*,1
agitat*,-1
agoni*,-1
agony*,-1
agree*,1
aid,1
aided,1
aids,1
ail*,-1
aimles*,-1
alarm*,-1
alas,-1
alertness,1
alien*,-1
aliv*,1
allay*,1
allegation*,-1
allege,-1
alleged*,-1
allegian*,1
alleviat*,1
allianc*,1
allied*,1
allowab*,1
allowed*,1
allur*,1
ally*,1
aloof*,-1
alright,1
altercation*,-1
amateuri*,-1
amatory*,1
amaz*,1
ambiguit*,-1
ambiguou*,-1
ambivalent*,-1
ambush*,-1
ameliorat*,1
amenab*,1
amends,1
amiab*,1
amicab*,1
amiss*,-1
amnesia*,-1
amnesty*,1
amok*,-1
amoral*,-1
amore,1
amorous*,1
amour*,1
ampl*,1
amus*,1
anal,-1
anality,-1
anally,-1
anarchist*,-1
anarchy*,-1
anchoret*,-1
anchorit*,-1
angel,1
angelic*,1
angels,1
anger*,-1
angr*,-1
anguish*,-1
animat*,1
animosity*,-1
animus*,-1
annihilat*,-1
annoy*,-1
anomalous*,-1
antagoni*,-1
anticlimax*,-1
antipath*,-1
antiquate*,-1
antiseptic*,1
antisocial*,-1
antithe*,-1
anxi*,-1
apath*,-1
apologetic*,1
apologies,1
apologis*,1
apologist,-1
apologiz*,1
apology*,1
appal*,-1
appeas*,1
applaud*,1
applaus*,1
apposit*,1
appraisal*,1
apprecia*,1
apprehend*,1
apprehens*,-1
approv*,1
apt*,1
arbitrar*,-1
ardent*,1
ardor*,1
ardour*,1
arduous*,-1
argue*,-1
arguing*,-1
argument*,-1
aristocra*,1
arrogan*,-1
arse,-1
arsehole*,-1
arses,-1
artful*,1
artificial*,-1
artistic*,1
artless*,-1
asham*,-1
asinin*,-1
aspir*,1
ass,-1
assail*,-1
assassin*,-1
assault*,-1
assent*,1
assert*,1
asses,-1
asset*,1
asshol*,-1
assiduous*,1
assist,1
assistance*,1
assisted,1
assisting,1
assists,1
assuag*,1
assuasiv*,1
assur*,1
astray*,-1
astut*,1
asunder*,-1
atroc*,-1
atrophy*,-1
attach,1
attachment,1
attack*,-1
attain*,1
attract*,1
attun*,1
audacity*,-1
auspicious*,1
auster*,-1
authentic*,1
authoritarian,-1
authoritative*,1
autocrat*,-1
autonom*,1
avaric*,-1
aveng*,-1
avers*,-1
avert*,-1
avid*,1
avoid*,-1
award*,1
awareness,1
awesome*,1
awful*,-1
awkward*,-1
awry*,-1
ax,-1
axe,-1
axed,-1
axes,-1
axing,-1
babbl*,-1
backbon*,1
backlash*,-1
backlog,-1
backslide,-1
backward*,-1
bad,-1
badd*,-1
badger*,-1
badland*,-1
badly*,-1
badmouth*,-1
badness,-1
baffl*,-1
bail,-1
bailed,-1
bailee,-1
bailer*,-1
bailing,-1
bails,-1
bait*,-1
balance*,1
balk,-1
balked,-1
balks,-1
balky,-1
ballast*,-1
balled,-1
balling,-1
balmy*,1
bamboozl*,-1
banal*,-1
bandit*,-1
bane,-1
baneful*,-1
banes,-1
banish*,-1
bankrupt*,-1
barb,-1
barbarian*,-1
barbarous,-1
barbed,-1
barbwire*,-1
bare*,-1
baring,-1
bark,-1
barked,-1
barking,-1
barks,-1
barred,-1
barren*,-1
barricad*,-1
barring,-1
bashful*,-1
bastard*,-1
battered,-1
batterer,-1
battering,-1
battle,-1
battled,-1
battles,-1
beak,-1
beaked,-1
beaks,-1
beaming,1
beast*,-1
beatable,-1
beaten,-1
beater*,-1
beatif*,1
beating*,-1
beatitude*,1
beaut*,1
becharm*,1
bedevil*,-1
befit*,1
befriend*,1
befuddl*,-1
beggar*,-1
begrudg*,-1
beguil*,-1
behalf*,1
behead*,-1
belabor*,-1
belabour*,-1
belated*,-1
beleaguer*,-1
belie,-1
belittl*,-1
bellicose*,-1
belligeren*,-1
beloved*,1
bemus*,-1
benefactor*,1
benefic*,1
benefit*,1
benevolen*,1
benign*,1
berat*,-1
bereav*,-1
bereft*,-1
berserk*,-1
beset*,-1
besiege*,-1
best,1
betray*,-1
betrothed*,1
better,1
bewar*,-1
bewilder*,-1
bewitch*,1
bias*,-1
bicker*,-1
bigot*,-1
bimbo*,-1
bitch*,-1
bite*,-1
biting,-1
bitter*,-1
bitty,-1
bizarr*,-1
blackball*,-1
blacken*,-1
blacker,-1
blackest,-1
blackheart*,-1
blackly,-1
blackmail*,-1
blame,-1
blamed,-1
blameful*,-1
blameless*,1
blamer,-1
blames,-1
blameworthy,-1
blanch*,-1
bland*,-1
blase*,-1
blasphem*,-1
blast,-1
blasted,-1
blaster*,-1
blasting,-1
blasts,-1
blatant*,-1
bleak*,-1
bleary*,-1
blemish*,-1
bless*,1
blind,-1
blinded,-1
blinder*,-1
blindest,-1
blinding*,-1
blindly,-1
blindness*,-1
blinds*,-1
bliss*,1
blith*,1
block,-1
blockage*,-1
blocked,-1
blockhead*,-1
blocking*,-1
blocks,-1
blood*,-1
bloom,1
bloomed,1
blooming,1
blooms,1
bloomy,1
blossom*,1
blow,-1
blowback*,-1
blowhard*,-1
blowhole*,-1
blown,-1
blows,-1
bluff*,-1
blunder*,-1
blunt*,-1
blur,-1
blurred,-1
blurri*,-1
blurry,-1
blurs,-1
blurt*,-1
bluster,-1
blustering,-1
boast*,-1
boding*,-1
bog,-1
bogeym*,-1
bogg*,-1
bogus*,-1
boisterous*,-1
bold,1
bolder,1
boldest,1
boldly,1
boldness,1
bolster*,1
bolt*,-1
bomb,-1
bombard*,-1
bombast*,-1
bombed,-1
bomber*,-1
bombing*,-1
bombs,-1
bondage*,-1
bonny*,1
boo,-1
booing,-1
boon,1
boorish*,-1
bore*,-1
boring*,-1
botch*,-1
bother*,-1
bountiful*,1
boxed,-1
boxy,-1
brainless*,-1
brainy,1
brandish*,-1
brank*,-1
bravado*,-1
brave*,1
brawl*,-1
brazen*,-1
breach,-1
breached,-1
breaching,-1
breakable,-1
breakage,-1
breakdown*,-1
breaking,-1
breakthrough*,1
breakup*,-1
breathless*,-1
breathtaking*,1
bright*,1
brillian*,1
bristle*,-1
brittle*,-1
broadminded*,1
brok,-1
broke,-1
broken*,-1
brood*,-1
brotherhood*,1
brotherly*,1
browbeaten*,-1
bruise*,-1
bruising,-1
brunt*,-1
brusqu*,-1
brutal*,-1
brute*,-1
brutish*,-1
buddy*,1
buffoon*,-1
bug,-1
bugged,-1
bugger*,-1
bugging,-1
bugs,-1
bull,-1
bulldoz*,-1
bulled,-1
bullet,-1
bulletproof,1
bullets*,-1
bullhead,-1
bullie*,-1
bulling,-1
bullish,-1
bullock*,-1
bullshit*,-1
bullwhip*,-1
bully*,-1
bum,-1
bumble*,-1
bumbling,-1
bumm*,-1
bumped,-1
bumps,-1
bumpy,-1
bums,-1
bungl*,-1
buoyan*,1
burden*,-1
burglar*,-1
buried*,-1
burn,-1
burned,-1
burning*,-1
burnout,-1
burns,-1
burnt,-1
bury*,-1
bushed*,-1
busted*,-1
butchery*,-1
butt,-1
butted,-1
butting,-1
buttock,-1
butts,-1
calamit*,-1
callithump*,-1
callous*,-1
calm*,1
camouflag*,-1
cancer*,-1
candid,1
candidly,1
candidness,1
candor*,1
candour*,1
cannibal*,-1
cannon,-1
cannons,-1
cantankerous*,-1
capab*,1
capitulat*,-1
capricious*,-1
captivat*,1
care,1
cared,1
carefre*,1
careful*,1
careless*,-1
carer,1
cares,1
caress*,1
caring*,1
carol*,1
carping*,-1
carps,-1
castaway*,-1
castigat*,-1
castoff*,-1
castrat*,-1
casts,-1
casual,1
casually,1
casualt*,-1
cataclysm*,-1
catastroph*,-1
cater,1
catered,1
catering,1
caters,1
caustic*,-1
cautious*,1
celebrat*,1
celebrit*,1
censor*,-1
censur*,-1
ceremon*,1
chafe*,-1
chagrin*,-1
challeng*,-1
champ,1
champion*,1
champs,1
chao*,-1
charge*,-1
charismatic*,1
charit*,1
charlatan*,-1
charm*,1
chase*,-1
chaste*,1
chastis*,-1
cheap,1
cheapen,-1
cheaper,1
cheapest,1
cheaply,1
cheapness,-1
cheapo,-1
cheapskate,-1
cheat*,-1
cheer,1
cheered*,1
cheerer*,1
cheerful*,1
cheeri*,1
cheerlead*,1
cheerless*,-1
cheers*,1
cheery*,1
cherish*,1
cherub*,1
chide*,-1
chiding*,-1
childish*,-1
chill,-1
chilled,-1
chiller,-1
chilli*,-1
chills,-1
chilly,-1
choke,-1
choked,-1
choker*,-1
chokes,-1
choking*,-1
choler*,-1
chuckl*,1
civil*,1
clamor*,-1
clamour*,-1
clarify*,1
clash*,-1
classic*,1
classier,1
classiest,1
classiness,1
classism,-1
classist,-1
classy,1
claw*,-1
clean,1
cleaned,1
cleaner,1
cleanest,1
cleaning,1
cleanliness,1
cleans,1
cleanse,1
cleansing,1
cleanup,1
clear,1
cleared,1
clearer,1
clearest,1
clearheaded,1
clearing*,1
clearness,1
clears,1
clever*,1
cling*,1
clobber*,-1
clog*,-1
cloud,-1
clouded*,-1
cloudi*,-1
cloudless*,1
clouds,-1
cloudy*,-1
clumsi*,-1
clumsy*,-1
clutter*,-1
coaction*,1
coarse*,-1
cock,-1
cocked,-1
cockeyed,-1
cockfight*,-1
cockier,-1
cockiest,-1
cockily,-1
cockiness,-1
cockroach*,-1
cocks*,-1
cocky,-1
coddl*,1
coerc*,-1
coers*,-1
cogent*,1
cognizant*,1
coherent*,1
cohes*,1
cold*,-1
collaborative*,1
collaps*,-1
colleagu*,1
collision*,-1
coma,-1
comas,-1
comatose*,-1
combat,-1
combatant,-1
combated,-1
combating,1
combative,-1
combats,1
combatting,1
comeback,1
comely*,1
comfort,1
comfortab*,1
comforted*,1
comforter*,1
comforting*,1
comfortless*,-1
comforts*,1
commemorat*,1
commend*,1
commensurat*,1
commiserat*,1
commit,1
commitment*,1
commodious*,1
commoner*,-1
commotion*,-1
communicat*,1
companion*,1
compassion*,1
compatib*,1
compensat*,1
competen*,1
complacen*,1
complain*,-1
complement*,1
completeness,1
complexit*,-1
complianc*,1
complicat*,-1
compliment*,1
comply,1
complying,1
comprehensiv*,1
conceal*,-1
conceit*,-1
concern,-1
concerned,-1
conciliation*,1
conciliatory*,1
conclusiv*,1
concur,1
concurred,1
concurs,1
condemn*,-1
condescend*,-1
condescension,-1
condon*,1
conduciv*,1
confess*,-1
confidant,1
confide,1
confided,1
confidenc*,1
confident,1
confidently,1
confides,1
confiding,1
confinement*,-1
confirm*,1
confiscat*,-1
conflict*,-1
confound*,-1
confront*,-1
confus*,-1
congenial*,1
congratulat*,1
connect,1
connectionless,-1
conque*,1
conscienc*,1
conscientious*,1
consensus*,1
consent*,1
conservation,1
conserve*,1
considerat*,1
consign*,1
consistency,1
consistent,1
consolable,1
consolation,1
consolatory,1
console,1
consoled,1
consoles,1
consolidat*,1
consoling,1
conspir*,-1
consternat*,-1
constrain*,-1
construct,1
constructed,1
constructing,1
constructiv*,1
consummat*,1
contagious*,-1
contaminat*,-1
contemn*,-1
contempt*,-1
contend*,-1
contented*,1
contenting,1
contention,-1
contentious*,-1
contently,1
contentment*,1
contestable,-1
contested,-1
contester,-1
contesting,-1
contests,-1
continuity*,1
contradic*,-1
contrary*,-1
contrast*,-1
contraven*,-1
contribution*,1
contrit*,-1
controvers*,-1
convenient*,1
convict,-1
convicted,-1
convicting,-1
conviction*,-1
convicts,-1
convinc*,1
convivial*,1
cool,1
coolness*,-1
cooperat*,1
coordinate,1
coordinated,1
coordinates,1
coordination,1
cope*,1
coping*,1
cordial*,1
corpse*,-1
correct,1
corrected,1
correcting,1
corrective*,1
correctly,1
correctness,1
corrod*,-1
corros*,-1
corrupt*,-1
costly*,-1
cosy*,1
counterfeit*,-1
courag*,1
courted,1
courteous*,1
courtesy,1
courting,1
courtli*,1
courtly,1
covert*,-1
covet*,-1
coward*,-1
cowed,-1
cower*,-1
crabbed*,-1
crabby*,-1
crafty*,-1
cram*,-1
crank,-1
cranked,-1
cranki*,-1
cranks,-1
cranky,-1
crap,-1
crapp*,-1
craps,-1
crass*,-1
crave*,-1
crawl*,-1
craz*,-1
create,1
created,1
creating,1
creation,1
creations,1
creativ*,1
credib*,1
credit*,1
credul*,-1
creep*,-1
crie*,-1
crime,-1
crimes,-1
criminal*,-1
cring*,-1
crippl*,-1
crisi*,-1
critic*,-1
critiqu*,-1
croak*,-1
crook*,-1
crossfire*,-1
crossly,-1
crotchety*,-1
crowded,-1
crowding,-1
crown*,1
crucifie*,-1
crucify*,-1
crude*,-1
cruel*,-1
crumb*,-1
crummy,-1
crush*,-1
cry,-1
crybab*,-1
crying,-1
crypt,-1
cryptic,-1
crypts,-1
crystal,1
cuddl*,1
culminat*,1
culpab*,-1
culprit*,-1
cult,-1
cultish,-1
cultivat*,1
cults,-1
cumbersom*,-1
cunt*,-1
cupid*,1
cure,1
cured,1
curer,1
cures,1
curiosity,1
curious*,1
curse,-1
cursed,-1
curser,-1
curses,-1
cursing,-1
cursory,-1
curst,-1
curtain*,-1
cute*,1
cutie*,1
cutt,-1
cutter*,-1
cutthroat*,-1
cutting*,-1
cynic*,-1
daft*,-1
damag*,-1
damm*,-1
damn*,-1
danc*,1
dander*,-1
danger*,-1
daring*,1
dark*,-1
darlin*,1
darn,-1
darned,-1
dash,-1
dashed,-1
dashes,-1
daunt,-1
daunted*,-1
daunting*,-1
dauntless*,1
daunts*,-1
dawdl*,-1
daze*,-1
dazzl*,1
dead,-1
deadbeat*,-1
deaden*,-1
deadlier,-1
deadliest,-1
deadlock*,-1
deadly,-1
deadweight,-1
deaf*,-1
dear,1
dearer*,1
dearest*,1
deari*,1
dearly*,1
dearness*,1
dears*,1
dearth*,-1
death*,-1
debatab*,-1
debilitat*,-1
debt*,-1
decadenc*,-1
decay*,-1
decease*,-1
decei*,-1
decency*,1
decent,1
decently,1
decepti*,-1
decisiv*,1
decorat*,1
decrie*,-1
decry*,-1
dedicat*,1
defam*,-1
default*,-1
defeat*,-1
defect*,-1
defenceless*,-1
defend,1
defended,1
defender,1
defending,1
defends,1
defenseless*,-1
defensible,1
defensive*,-1
defian*,-1
deficien*,-1
deficit*,-1
defil*,-1
defy*,-1
degenerat*,-1
degrad*,-1
deject*,-1
delay*,-1
deleterious*,-1
delicac*,1
delicate*,1
delicious*,1
delight*,1
delinquen*,-1
deliriu*,-1
deluded*,-1
delug*,-1
delusion*,-1
demean,-1
demeaned,-1
demeaning*,-1
demeans,-1
dement*,-1
demis*,-1
democratic*,1
demolish*,-1
demon,-1
demoniac,-1
demonic,-1
demons,-1
demorali*,-1
denial*,-1
denie*,-1
denigra*,-1
denounc*,-1
dent,-1
dented,-1
denting,-1
dents,-1
deny*,-1
depend,-1
dependab*,1
dependen*,-1
deplet*,-1
deplor*,-1
deport*,-1
depose,-1
deposed,-1
deposes,-1
deposing,-1
deprav*,-1
deprecat*,-1
depreciat*,-1
depres*,-1
depriv*,-1
derail*,-1
derid*,-1
derision,-1
derisiv*,-1
derogator*,-1
descry*,1
deserted*,-1
deserter,-1
desertion*,-1
deserv*,1
desir*,1
desolat*,-1
despair*,-1
desperat*,-1
despicab*,-1
despis*,-1
despiteful*,-1
despondant*,-1
desponden*,-1
destitut*,-1
destroy*,-1
destruct*,-1
desultory*,-1
detached*,-1
deter,-1
deteriorat*,-1
determent,-1
determin*,1
deterred,-1
deterrence,-1
deterrent*,-1
deterring,-1
deters,-1
detersiv*,1
detest*,-1
detract*,-1
detrimental*,-1
devalu*,-1
devastat*,-1
devil*,-1
devious*,-1
devoid,-1
devot*,1
devour*,-1
dexter*,1
diabolic*,-1
dick,-1
dicks,-1
dictat*,-1
die,-1
died,-1
dies,-1
difficult*,-1
diffus*,-1
digni*,1
dilapidat*,-1
dilemma*,-1
diligent*,1
dim,-1
dimly,-1
dimm*,-1
dimness,-1
dims,-1
dimwit*,-1
din,-1
dingy*,-1
dink*,-1
dins,-1
dire,-1
direful,-1
direr,-1
direst,-1
dirge*,-1
dirt*,-1
disab*,-1
disadvantag*,-1
disaffect*,-1
disagre*,-1
disappoint*,-1
disapprov*,-1
disast*,-1
disavow*,-1
disbelief*,-1
discern*,1
disclaim*,-1
discomfitur*,-1
discomfort*,-1
discompos*,-1
disconcert*,-1
disconnect*,-1
disconsolat*,-1
discontent*,-1
discord*,-1
discourag*,-1
discover*,1
discredit*,-1
discreet*,1
discrepan*,-1
discretion*,1
discrimina*,-1
disdain*,-1
diseas*,-1
disenchant*,-1
disfavor*,-1
disfavour*,-1
disgrac*,-1
disgruntl*,-1
disgust*,-1
dishearten*,-1
dishevel*,-1
dishonest*,-1
dishonor*,-1
dishonour*,-1
disillusion*,-1
disinclin*,-1
disingenuous*,-1
disinterest*,-1
dislik*,-1
disloyal*,-1
dismal*,-1
dismay*,-1
dismiss*,-1
disobedien*,-1
disobey*,-1
disorder*,-1
disorgani*,-1
disparag*,-1
disparat*,-1
dispel*,-1
dispensatory*,1
dispirit*,-1
displac*,-1
displeas*,-1
dispose*,-1
disproportionat*,-1
disput*,-1
disquiet*,-1
disregard*,-1
disrespect*,-1
disrupt*,-1
dissatisf*,-1
dissent*,-1
disservice,-1
dissimilar*,-1
dissipat*,-1
dissociat*,-1
dissolution*,-1
distast*,-1
distinguished*,1
distort*,-1
distract*,-1
distraught*,-1
distres*,-1
distrust*,-1
disturb*,-1
dither*,-1
divert*,-1
divide,-1
divided,-1
divider,-1
divides,-1
dividing,-1
divin*,1
divisi*,-1
divorc*,-1
dizz*,-1
docil*,1
doldrum*,-1
doleful*,-1
dolor*,-1
dolour*,-1
dominan*,1
domineer*,-1
donkey*,-1
doom*,-1
dophagy*,-1
double,-1
doubt,-1
doubtable*,-1
doubted*,-1
doubter*,-1
doubtful*,-1
doubting*,-1
doubtless*,1
doubts,-1
doughty*,1
downcast*,-1
downfall*,-1
downhearted*,-1
downhill*,-1
downplay,-1
downside*,-1
downtrodden*,-1
drab*,-1
drag,-1
dragged,-1
dragging,-1
drags,-1
drained*,-1
drawback*,-1
dread*,-1
dreary*,-1
droop*,-1
drown*,-1
drowsy*,-1
drunk*,-1
dubious*,-1
dudgeon*,-1
dull*,-1
dumb*,-1
dumm*,-1
dump*,-1
dun,-1
dunce,-1
dunderhead*,-1
dung,-1
duped*,-1
duplicit*,-1
dutiful*,1
dwindl*,-1
dying*,-1
dysfunction*,-1
eager*,1
earnest*,1
ease,1
eased,1
easeful,1
easement,1
eases,1
easi*,1
easy*,1
ebullient*,1
eccentric*,-1
ecstatic*,1
educate*,1
educating,1
educational*,1
educations,1
educator*,1
effac*,-1
effectiv*,1
efficac*,1
efficien*,1
effort*,1
egotis*,-1
elaborat*,1
elat*,1
elegan*,1
elegy*,-1
eliminat*,-1
eloquent*,1
embarrass*,-1
embitter*,-1
embolden*,1
embrac*,1
emergencies,-1
emergency*,-1
eminenc*,1
eminent*,1
emotionless,-1
empath*,1
emperor*,1
emphatic*,1
empower*,1
emptied,-1
empties,-1
emptiness,-1
empty,-1
enamor*,1
enamour*,1
enchant*,1
encourag*,1
encroach*,-1
endanger*,-1
endear*,1
enemi*,-1
enemy*,-1
energetic*,1
energiz*,1
engrossed*,-1
engulf*,-1
enhanc*,1
enjoy*,1
enlighten*,1
enmity*,-1
ennui*,-1
enrag*,-1
enrich*,1
enslav*,-1
ensur*,1
entangl*,-1
entertain*,1
enthrallment*,1
enthus*,1
entitlement*,-1
entranced,1
entrancement*,1
entrancing,1
enviable,1
enviably,1
envie,-1
envied,-1
envies,-1
envious*,-1
envy*,-1
epidemic*,-1
equality,1
equitabl*,1
equivoca*,-1
eradicat*,-1
eras*,-1
erod*,-1
erosion*,-1
err,-1
errancy,-1
errant,-1
erratic*,-1
erred,-1
erring,-1
erroneous*,-1
error*,-1
errs,-1
escap*,1
esoteric*,-1
essential,1
esteem*,1
estrang*,-1
ethic*,1
eulogi*,-1
euphori*,1
evad*,-1
evasiv*,-1
evict*,-1
evil*,-1
eviscerat*,-1
exacerbat*,-1
exaggera*,-1
exalt*,1
exasperat*,-1
excel*,1
exceptional,1
excessiv*,-1
excitab*,1
excite*,1
exciting*,1
exclud*,-1
exclusion*,-1
excommunicat*,-1
excoriat*,-1
excruciat*,-1
execrab*,-1
execrat*,-1
exhaust*,-1
exhilarat*,1
exhilerat*,1
exile*,-1
expectancy*,1
expel*,-1
experience,1
expert*,1
explod*,-1
exploit*,-1
explosi*,-1
expressiv*,1
exquisit*,1
exterminat*,-1
extinct*,-1
extinguish*,-1
extraordinary*,1
extravagant*,-1
extreme,-1
extremi*,-1
exuberan*,1
exult*,1
eyesore,-1
fabrication*,-1
fabulous*,1
facile,1
factual*,1
fade*,-1
fading*,-1
fail*,-1
faint*,-1
fair,1
fairer,1
fairest,1
fairness,1
faith,1
faithful*,1
faithless*,-1
fake*,-1
fallacies,-1
fallacious*,-1
fallacy,-1
fallen,-1
fallib,1
fallout*,-1
fallow,-1
fals*,-1
falter*,-1
fame,1
famed*,1
famine*,-1
famished*,-1
famou*,1
fanatic*,-1
fanci*,1
fancy*,1
fantastic*,1
farsighted*,1
fascinat*,1
fascis*,-1
fash,-1
fashed,-1
fashes,-1
fashing,-1
fashionab*,1
fastidious*,-1
fatal*,-1
fatigu*,-1
fault,-1
faulted,-1
faulti*,-1
faultless*,1
faults,-1
faulty,-1
favorab*,1
favorite*,1
favortitism*,-1
favourab*,1
favourite*,1
favourititsm*,-1
fawn*,-1
faze*,-1
fear,-1
feared*,-1
fearful*,-1
fearing*,-1
fearless*,1
fears*,-1
feasib*,1
feast*,1
fecund*,1
feebl*,-1
feign*,-1
feint*,-1
feroc*,-1
fervor*,1
fervour*,1
festal*,1
festiv*,1
fete*,1
feud,-1
feudal,-1
feuded,-1
feuding,-1
feuds,-1
fiasco*,-1
fickl*,-1
fidelity*,1
fidget*,-1
fiefdom*,-1
fiend*,-1
fierc*,-1
fiery*,-1
fiesta*,1
fight*,-1
filth*,-1
finesse,1
finest,1
firmly,1
firmness,1
fishy,-1
fit,1
fitness,1
flabbergast*,-1
flatter*,1
flaw,-1
flawed*,-1
flawless*,1
flaws*,-1
flexib*,1
flimsy*,-1
flinch*,-1
flip,-1
flippan*,-1
flipped,-1
flipping,-1
flips,-1
flirt*,1
flop*,-1
flounder*,-1
flourish*,1
fluen*,1
flunk*,-1
flurry*,-1
flush,1
flushed,1
fluster*,-1
flutter*,-1
foe*,-1
fog,-1
fogg*,-1
fogs,-1
foibl*,-1
foil*,-1
folly*,-1
foment*,-1
fond,1
fonder,1
fondest,1
fondly,1
fondness,1
fool*,-1
foppish*,-1
forbid*,-1
forced*,-1
forceful,1
forcing,-1
forebade*,-1
forebid*,-1
forebod*,-1
foremost*,1
foresight*,1
forfeit*,-1
forgav*,1
forget*,-1
forgiv*,1
forgot*,-1
forlorn*,-1
formidab*,-1
forsake*,-1
fortitud*,1
fortun*,1
forward,1
foster,1
fostered,1
fosterer,1
fostering,1
fosters,1
fought*,-1
foul*,-1
foundered,-1
fractur*,-1
fragil*,-1
fragrant*,1
frail*,-1
frank,1
franker,1
frankest,1
frankness,1
frantic*,-1
fraternal*,1
fraud*,-1
fraught*,-1
frazzl*,-1
freak*,-1
free,1
freeb*,1
freed*,1
freeing,1
freely,1
freeman,1
freeness,1
freer,1
frees,1
freest,1
freethink*,1
freezing,-1
frenz*,-1
fresh*,1
fret*,-1
friend,1
friendless,-1
friendli*,1
friendly,1
friends,1
friendship*,1
fright*,-1
frigid*,-1
fritter*,-1
frivol*,-1
frolic*,1
frown*,-1
frozen*,-1
frugal*,1
fruitful*,1
fruition*,1
fruitless*,-1
frustrat*,-1
fuck*,-1
fulfill*,1
fullness*,1
fulsom*,-1
fumbl*,-1
fume*,-1
fuming*,-1
fun,1
function*,1
funereal*,-1
funni*,1
funny*,1
furiou*,-1
fury*,-1
fuss*,-1
futil*,-1
gaiety*,1
gaily,1
gala,1
galas,1
gall,-1
gallant*,1
galled,-1
galling*,-1
gallow*,-1
gambl*,-1
gang,-1
garbl*,-1
garnish*,1
gash,-1
gashed,-1
gashes,-1
gashing,-1
gasp*,-1
gaud*,-1
gayly,1
generate*,1
generating,1
generative,1
genero*,1
genial*,1
geniu*,1
gentle,1
gentler,1
gentlest,1
gently,1
genuin*,1
germ,-1
germane,1
germs,-1
ghastly*,-1
ghost,-1
ghostli*,-1
ghostly,-1
ghosts,-1
giddy*,1
gift*,1
giggl*,1
glad,1
gladden*,1
gladder,1
gladdest,1
gladly,1
gladnes*,1
gladsome*,1
glamor*,1
glamour*,1
gleam*,1
glean*,1
glee*,1
glimmer*,1
glisten*,1
glitter*,1
gloat*,-1
gloom*,-1
glorious*,1
glory*,1
glossy*,1
glow,1
glowed,1
glower,-1
glowing,1
glows,1
glum*,-1
glut,-1
glutton*,-1
gnash*,-1
goddam*,-1
goddess*,1
godli*,1
gold,1
golden*,1
good,1
goodbye*,-1
goodie*,1
goodness*,1
goodwill*,1
goodx,1
goody,1
gorgeous*,1
gorgonian*,-1
gownsman*,1
grab*,-1
grace,1
graced*,1
graceful*,1
graceless*,-1
graces*,1
graci*,1
graft*,1
grand,1
grande*,1
grandly,1
grappl*,-1
grasp*,-1
gratef*,1
gratifi*,1
gratify*,1
grating*,-1
gratitude*,1
gratuitous*,-1
grave*,-1
great,1
greatness,1
greed*,-1
greet*,1
gregarious*,1
grie*,-1
grim*,-1
grin,1
grind,-1
grinder,-1
grinding,-1
grindingly,-1
grinn*,1
grins,1
gripe*,-1
grizzly*,-1
groan*,-1
grogg*,-1
gross,-1
grossly,-1
grotesqu*,-1
grouch*,-1
groundbreaking,-1
grovel*,-1
growl*,-1
grubby*,-1
grudg*,-1
gruelling*,-1
gruff*,-1
grumbl*,-1
grump*,-1
guardian*,1
guilt,-1
guilti*,-1
guiltless*,1
guilty*,-1
gullib*,-1
gunk*,-1
gusto*,1
gutless*,-1
guts*,1
hack*,-1
hades*,-1
haggard*,-1
hairif*,1
halt,-1
halted,-1
halting,-1
halts,-1
hamper*,-1
handicap*,-1
handsom*,1
handy*,1
hanged,-1
hangover*,-1
haphazard*,-1
hapless*,-1
happi*,1
happy*,1
harang*,-1
harass*,-1
hard,-1
harden*,-1
harder,-1
hardest,-1
hardhead*,-1
hardhearted*,-1
hardi*,1
hardship*,-1
hardworking,1
hardy*,1
harm,-1
harmed*,-1
harmer*,-1
harmful*,-1
harming*,-1
harmless*,1
harmonic*,1
harmonies,1
harmonious*,1
harmonists,1
harmonium,1
harmony,1
harms*,-1
harness*,1
harried*,-1
harsh*,-1
hassl*,-1
hate*,-1
hating*,-1
hatr*,-1
haught*,-1
haunt*,-1
havoc*,-1
hazard*,-1
haze,-1
hazed,-1
hazer,-1
hazes,-1
hazi*,-1
hazy*,-1
headach*,-1
heal,1
healed,1
healing,1
heals,1
health*,1
heartache,-1
heartbreak*,-1
heartbroke*,-1
heartburn*,-1
hearten*,1
heartfelt*,1
hearti*,1
heartless*,-1
hearts,1
heartsick*,-1
heartwarm*,1
hearty*,1
heaven*,1
heavily*,-1
heavy*,-1
heckl**,-1
heedless*,-1
heinous*,-1
hell,-1
hellbender*,-1
hellcat*,-1
hellfire*,-1
hellhole*,-1
hellhound*,-1
hellion*,-1
hellish*,-1
hells,-1
help,1
helped*,1
helper*,1
helpful*,1
helping,1
helpless*,-1
helps*,1
hero,1
heroes,1
heroic*,1
heroine*,1
heroism,1
heros,1
hesita*,-1
hid*,-1
highbrow,1
hilari*,1
hinder*,-1
hindranc*,-1
hissing*,-1
hits*,-1
hitt*,-1
hoax*,-1
hobbl*,-1
holiday*,1
hollow*,-1
holocaust*,-1
homag*,1
homed,1
homeless*,-1
homeli*,-1
homely*,-1
homesick*,-1
homey,1
homicid*,-1
homophob*,-1
honest*,1
honeymoon*,1
honor*,1
honour*,1
hoodwinked*,-1
hope,1
hoped*,1
hopeful*,1
hopeless*,-1
hoper*,1
hopes*,1
hoping*,1
horr*,-1
hospitab*,1
hostage*,-1
hostil*,-1
hotbed*,-1
hothead*,-1
hound*,-1
huff*,-1
hug,1
hugg*,1
hugs,1
humane*,1
humanitarian*,1
humiliat*,-1
humility,1
humor,1
humored*,1
humoring,1
humorist,1
humorless*,-1
humorous*,1
humors,1
humour,1
humoured*,1
humouring,1
humourist,1
humourless*,-1
humourous*,1
humours,1
hurra*,1
hurt*,-1
hustl*,-1
hypercritical*,-1
hypnoti*,1
hypochondriac*,-1
hypocri*,-1
hysteri*,-1
icy*,-1
ideal,1
idealise*,1
idealistic*,1
idealize*,1
ideally,1
ideals,1
ideologue*,-1
idiot*,-1
idle*,-1
ignob*,-1
ignom*,-1
ignor*,-1
ill,-1
illegal*,-1
illegitima*,-1
illicit*,-1
illitera*,-1
illness*,-1
illogic*,-1
illomen*,-1
ills,-1
illum*,1
illusion*,-1
illusive*,-1
illusory,-1
illustriou*,1
imaginative*,1
imbalance*,-1
immaculat*,1
immatur*,-1
immoral*,-1
immortal*,1
immovab*,-1
impair*,-1
impartial*,1
impasse*,-1
impatien*,-1
impeccable*,1
impede*,-1
impediment*,-1
imperfect*,-1
impersonal*,-1
impertinent*,-1
impetuous*,-1
impinge*,-1
implausib*,-1
implicat*,-1
impolit*,-1
important,1
impossib*,-1
impotent*,-1
impoverish*,-1
imprecis*,-1
impress,1
impressed,1
impresser,1
impresses,1
impressing*,1
impressionable,1
impressive*,1
imprison*,-1
improbab*,-1
improper*,-1
improve,1
improved,1
improvement*,1
improves,1
improviden*,-1
improving,1
imprudent*,-1
impulsiv*,-1
impunity*,1
impur*,-1
inabilit*,-1
inaccessib*,-1
inaccur*,-1
inactiv*,-1
inadequa*,-1
inane,-1
inappropriat*,-1
inaugurat*,1
incapa*,-1
incensed,-1
incenses,-1
incensing,-1
incentive*,1
incest*,-1
inclin*,1
incoher*,-1
incompatib*,-1
incompetenc*,-1
incompetent*,-1
incomplet*,-1
inconceivab*,-1
inconsiderat*,-1
inconsist*,-1
inconsolab*,-1
inconvenient*,-1
incorrect*,-1
incredulous*,-1
incriminat*,-1
incurab*,-1
incursion*,-1
indebted*,-1
indecent*,-1
indecis*,-1
indefinit*,-1
indeterminat*,-1
indictment*,-1
indifferenc*,-1
indifferent*,-1
indigna*,-1
indiscriminat*,-1
indispens*,1
indispos*,-1
indistinct*,-1
indomitab*,1
indulgen*,1
industrious*,1
ineffect*,-1
inefficien*,-1
inept*,-1
inequal*,-1
inequity*,-1
inexact*,-1
inexcusab*,-1
inexpensiv*,1
inexperienc*,-1
inexplicab*,-1
inexpressiv*,-1
inextinguishab*,-1
infallib*,1
infamous*,-1
infect,-1
infected,-1
infectio*,-1
infects,-1
inferior*,-1
infest*,-1
inflexib*,-1
inflict*,-1
influen*,1
infrequent*,-1
infring*,-1
infuriat*,-1
ingenious*,1
inglorious*,-1
ingrat*,-1
inhib*,-1
inhuman*,-1
inimical*,-1
injunction*,-1
injur*,-1
injustic*,-1
innocen*,1
innocuous*,1
innovat*,1
innuendo*,-1
inquietud*,-1
inquisitiv*,1
insan*,-1
inscrutab*,-1
insecur*,-1
insensib*,-1
insensitiv*,-1
inseparab*,1
insidious*,-1
insignificant*,-1
insincer*,-1
insinuat*,-1
insipid*,-1
insistent*,1
insolenc*,-1
insolent*,-1
insoucianc*,-1
inspir*,1
instab*,-1
insufferab*,-1
insufficien*,-1
insulate,-1
insulated,-1
insulates,-1
insult*,-1
insurgen*,-1
intact*,1
integrity*,1
intellect*,1
intelligence,1
intelligent,1
intelligible,1
interested*,1
interesting*,1
interfer*,-1
interrupt*,-1
intimacy*,1
intimat*,1
intimidat*,-1
intolera*,-1
intrud*,-1
intrusi*,-1
inundat*,-1
invad*,-1
invalid*,-1
invaluab*,1
invas*,-1
inventive*,1
invisib*,-1
invite,1
inviting,1
involuntary*,-1
invulnerab*,1
irascib*,-1
irat*,-1
ire*,-1
irk*,-1
ironic*,-1
irony*,-1
irrational*,-1
irreconcil*,-1
irregular*,-1
irrelevant*,-1
irreparab*,-1
irresponsib*,-1
irrita*,-1
isolat*,-1
itchy*,-1
jaded*,-1
jail*,-1
jargon*,-1
jarred,-1
jarring*,-1
jars,-1
jealou*,-1
jeer*,-1
jeopard*,-1
jerk*,-1
jewel,1
jitte*,-1
jocular*,1
jocund*,1
join,1
joined*,1
joining*,1
jok*,1
joll*,1
jovial*,1
joy,1
joyance,1
joyed*,1
joyful*,1
joyless*,-1
joyous*,1
joys,1
jubila*,1
judgmental*,-1
jumbl*,-1
jumpy*,-1
junk,-1
junked,-1
junking,-1
junks,-1
junky,-1
justif*,1
keen*,1
keeping*,1
kick,-1
kicked,-1
kicking,-1
kicks,-1
kidded,1
kidder,1
kidding,1
kidnap*,-1
kill*,-1
kinder,1
kindest,1
kindheart*,1
kindly*,1
kindness*,1
kindred,1
kiss*,1
knif*,-1
kniv*,-1
knock,-1
knocked,-1
knowledg*,1
labyrinth*,-1
lachrymos*,-1
lack*,-1
lag,-1
laggard*,-1
lagged,-1
lagging,-1
lags,-1
laidback,1
lame*,-1
languid*,-1
languish*,-1
languor*,-1
lapse,-1
lapsed,-1
lapses,-1
laud*,1
laughab*,-1
laughingstock,-1
lavish*,1
lawful*,1
lawles*,-1
lawsuit*,-1
lax,-1
lazi*,-1
lazy*,-1
leaderless,-1
leak*,-1
learn*,1
leery*,-1
legitima*,1
leisur*,1
lethal*,-1
liab*,-1
liar*,-1
liberat*,1
libert*,1
lice,-1
lied,-1
lifeless*,-1
lighten*,1
lighthearted*,1
likab*,1
like,1
likeab*,1
liked,1
liker,1
likes,1
liking*,1
limelight,1
limit,-1
limita*,-1
limite*,-1
limiting,-1
limits,-1
limp,-1
limped,-1
limper,-1
limpid,-1
limping,-1
limply,-1
limpness,-1
limps,-1
litter*,-1
livel*,1
livid*,-1
loath*,-1
lone*,-1
loom*,-1
lopsided*,-1
lorn*,-1
lose*,-1
losing*,-1
loss*,-1
lost*,-1
lous*,-1
lovab*,1
love,1
loveable,1
loved*,1
loveless*,-1
loveli*,1
lovelorn*,-1
lovely*,1
lover*,1
loves,1
lovesick*,-1
lovey*,1
loving*,1
lowborn,-1
lowbred,-1
lowbrow,-1
lowermost,-1
lowli*,-1
lowly,-1
loyal*,1
lucid*,1
luck,1
lucked*,1
lucki*,1
luckless*,-1
lucks,1
lucky*,1
lucrativ*,1
ludicrous*,-1
lullaby*,1
luminous*,1
lunatic*,-1
lure,-1
lured,-1
lurer,-1
lures,-1
lurid,-1
luring*,-1
lurk*,-1
lust,-1
lustful*,-1
lustrous*,1
lute,1
luxur*,1
lying,-1
lynch*,-1
mad,-1
madd*,-1
madhouse*,-1
madly,-1
madman*,-1
madmen*,-1
madness*,-1
madwoman*,-1
magestic*,1
maggot*,-1
magnific*,1
maim*,-1
majestic*,1
majesty*,1
maladjust*,-1
malady*,-1
malefic*,-1
malevolen*,-1
malic*,-1
malign*,-1
manageab*,1
mangl*,-1
maniac*,-1
manly*,1
manna*,1
manslaughter*,-1
manur*,-1
mar,-1
maraud*,-1
marginaliz*,-1
marred,-1
marring,-1
mars,-1
marvel*,1
masochis*,-1
masquerad*,-1
massacr*,-1
masterful*,1
masterly*,1
mastery*,1
matchless*,1
mate,1
matur*,1
meager*,-1
meaner,-1
meanest*,-1
meanies*,-1
meaningful*,1
meaningless*,-1
meanly,-1
meanness*,-1
meddl*,-1
mediocr*,-1
meek*,-1
melanc*,-1
mellow*,1
memorab*,1
menac*,-1
mend,1
mended,1
mender,1
mending,1
mends,1
menial*,-1
merciful*,1
merciless*,-1
mercy*,1
merit*,1
merr*,1
mesmeri*,1
mess,-1
messed,-1
messes,-1
messier,-1
messiest,-1
messiness,-1
messing,-1
messy*,-1
meticulous*,1
mild,1
milder,1
mildest,1
mildew,-1
mildly,1
mildness,1
milestone*,1
mindful*,1
mirac*,1
mirth*,1
misanthrop*,-1
misbehav*,-1
miscarriage*,-1
mischie*,-1
misconduct,-1
misdeed*,-1
miser*,-1
misfortun*,-1
misgiving*,-1
misguid*,-1
mishandl*,-1
mishap*,-1
misinform*,-1
misle*,-1
misog*,-1
misplacement*,-1
misrepresent*,-1
misspeak*,-1
misspend*,-1
misspent*,-1
misspok*,-1
misstat*,-1
misstep*,-1
mist,-1
mistak*,-1
mistaught,-1
misteach*,-1
mistook,-1
mistreat*,-1
mistrust*,-1
misty,-1
misunderstand*,-1
misus*,-1
mitigat*,1
mix,1
moan*,-1
mob,-1
mobb*,-1
mobs,-1
mock,-1
mocked,-1
mocker,-1
mockeries,-1
mockers,-1
mockery,-1
mocking,-1
mocks,-1
moderate,1
moderated,1
moderately,1
moderates,1
moderating,1
moderation,1
modest*,1
mold,-1
moldi*,-1
molds,-1
moldy,-1
molest*,-1
momentous*,1
monoton*,-1
monster*,-1
monstrous*,-1
moodi*,-1
moody,-1
moral,1
morale,1
moralist,1
morality,1
morally,1
morals,1
mordacity*,-1
moron*,-1
mortal,-1
mortifi*,-1
mortify*,-1
motherf*,-1
motionless*,-1
motivat*,1
mourn*,-1
mud,-1
muddi*,-1
muddl*,-1
muddy*,-1
mumbl*,-1
mundan*,-1
murder*,-1
murkines*,-1
murky*,-1
mutter*,-1
muzzle*,-1
nabob*,1
nag*,-1
naiv*,-1
nast*,-1
naught*,-1
nausea*,-1
nauseous*,-1
nay*,-1
neat*,1
nebula*,-1
nebulou*,-1
needy*,-1
negate*,-1
negation*,-1
negativ*,-1
neglect*,-1
negligen*,-1
nepotis*,-1
nervou*,-1
nestl*,1
nettl*,-1
neurotic*,-1
neuter*,-1
neutral,1
neutrality,1
neutrally,1
nice*,1
nightmar*,-1
nimbl*,1
nirvana*,1
nobility*,1
nobl*,1
noisom*,-1
nonaggress*,1
nonbelligeren*,1
nonchalant*,-1
noncomplian*,-1
nondestructiv*,1
nonfeasance,-1
nonfunction,-1
nonjudgmental,1
nonmalignant,1
nonmalleab*,-1
nonmarketab*,-1
nonoperational,-1
nonplus,-1
nonpolluting,1
nonproductive,-1
nonrealistic,-1
nonrenewable,-1
nonsens*,-1
nonstarter,-1
nontoxic,1
nonviable,-1
nonviolen*,1
normal,1
normalcy,1
nosedive*,-1
notab*,1
notori*,1
nourish*,1
novice*,-1
nowhere,-1
nuisanc*,-1
null,-1
nullif*,-1
numb,-1
numbing,-1
numbness*,-1
nurtur*,1
obit*,-1
objection*,-1
oblige,1
obliged,1
obliger,1
obliges,1
obliging,1
obliterat*,-1
obliv*,-1
obnoxious*,-1
obscen*,-1
obscur*,-1
observant,1
obsolet*,-1
obstacl*,-1
obstinat*,-1
obstruct*,-1
obtain*,1
odd,-1
oddball*,-1
oddest*,-1
oddit*,-1
oddly,-1
oddness*,-1
odious*,-1
odium*,-1
offend*,-1
offens*,-1
officious*,1
ok,1
okay,1
ominous*,-1
omission*,-1
omit*,-1
onerous,-1
onward*,1
open*,1
operational*,1
opinionated*,-1
opponent*,-1
opportune,1
opportunism,-1
opportunist*,-1
opportunities,1
opportunity,1
oppose*,-1
opposing,-1
opposite,-1
opposition,-1
oppress*,-1
opprobrious*,-1
optim*,1
ordeal*,-1
orderly*,1
organic*,1
orphan*,-1
ostraci*,-1
oust*,-1
outburst*,-1
outcast*,-1
outcry*,-1
outflank*,1
outgoing*,1
outlaw*,-1
outliv*,1
outrag*,-1
outstand*,1
outwit*,1
overbearing*,-1
overblown*,-1
overcast*,-1
overcompensat*,-1
overconfiden*,-1
overcrowd*,-1
overflow*,-1
overgrown*,-1
overjoy*,1
overlook*,-1
overpowered,-1
overpric,-1
overprotective,-1
overreact*,-1
overrun*,-1
oversight*,-1
oversized,-1
overstep*,-1
overstrung,-1
overthrow*,-1
overturn*,-1
overwhelm*,-1
overzealous,-1
owe*,-1
pacifie*,1
pacify*,1
pain,-1
pained*,-1
painf*,-1
paining*,-1
painless*,1
pains,-1
painstaking*,1
palac*,1
palatab*,1
pall,-1
pallid*,-1
paltry*,-1
panache*,1
pandemonium*,-1
panic,-1
panics,-1
panned,-1
paradis*,1
paralysis*,-1
paralyze*,-1
paramount*,1
paranoi*,-1
parasit*,-1
pardon*,1
parochial*,-1
partner*,1
passe,-1
passion,1
passionate*,1
passionless,-1
passions,1
pat,1
patchi*,-1
patchy,-1
pathetic*,-1
pathless*,-1
patienc*,1
patiently,1
patriot*,1
patronag*,-1
peace*,1
peculiar*,-1
peerless*,1
peev*,-1
penalt*,-1
penchant*,1
perceptiv*,1
perfect,1
perfecta,1
perfected,1
perfecter,1
perfection*,1
perfecto,1
perfects,1
peril*,-1
perish*,-1
permission*,1
permissiv*,1
permit*,1
perplex*,-1
persecut*,-1
persever*,1
persuasiv*,1
pertinent*,1
perturb*,-1
perver*,-1
pessimis*,-1
pest,-1
pester*,-1
pesti*,-1
pests,-1
petty*,-1
phobi*,-1
phony*,-1
picturesqu*,1
pillory*,-1
pinch*,-1
pious*,1
piqu*,-1
piss*,-1
piteous*,-1
piti*,-1
pity*,-1
placid*,1
plagu*,-1
plaint,-1
plaintive*,-1
plaints,-1
plan,1
plaudit*,1
plausi*,1
play,1
playful*,1
pleasant*,1
pleased*,1
pleasing*,1
pleasur*,1
pledg*,1
plentiful*,1
poetic*,1
poetry*,1
poignant*,1
pointless*,-1
poise*,1
poison*,-1
polariz*,-1
polish*,1
polite*,1
pollut*,-1
pomp,1
pompos*,-1
pompous*,-1
poor,-1
poorly*,-1
portable*,1
positiv*,1
potent,1
potently,1
pounded,-1
pounding*,-1
pout*,-1
poverty*,-1
powerful*,1
powerless*,-1
practicab*,1
practical*,1
prais*,1
precarious*,-1
precaution*,1
precious*,1
precis*,1
predatory*,-1
preeminent*,1
preferenc*,1
prejudic*,-1
premonition*,-1
prepar*,1
preposterous*,-1
presag*,-1
presentiment*,-1
pressur*,-1
prestig*,1
presumptuous*,-1
presuppos*,-1
pretens*,-1
pretentious*,-1
pretext,-1
pretti*,1
prey*,-1
priceless*,1
prick*,-1
prid*,1
princely*,1
principal,1
principl*,1
prison,-1
prisoner*,-1
priva*,1
privileg*,1
prize*,1
proactive*,1
problem,-1
problematic*,-1
problems,-1
procrastinat*,-1
productive,1
productively,1
professionalism,1
proficien*,1
progress,1
progressive,1
prohibit*,-1
prolific*,1
prominen*,1
prompt,1
promptly,1
promptness,1
proper,1
properly,1
properness,1
propitious*,1
prosper*,1
protect*,1
protest*,-1
proud*,1
provide,1
providence,1
providing,1
provocation*,-1
provok*,-1
prowess*,1
prowl*,-1
pruden*,1
psychotic,-1
punch,-1
punched,-1
puncher,-1
punches,-1
punching,-1
punctual*,1
punish*,-1
punitive,-1
puny*,-1
pureness,1
purer,1
purest,1
purif*,1
purity*,1
purposeful,1
purposeless*,-1
putrid*,-1
puzzled,-1
puzzlement,-1
puzzling,-1
quack*,-1
quaint*,1
quality*,1
qualm*,-1
quandary*,-1
quarrel*,-1
queas*,-1
queer*,-1
questionab*,-1
quibbl*,-1
quicksand,-1
quietly*,1
quoits*,1
racis*,-1
radian*,1
radiate,1
radiated,1
radiates,1
radiating,1
rage*,-1
ragg*,-1
raging*,-1
raid,-1
raided,-1
raiding,-1
raids,-1
rambl*,-1
rampag*,-1
rampant,-1
rancid*,-1
rancor*,-1
rancour*,-1
random,-1
randomly,-1
randomness,-1
rape*,-1
rapin*,-1
rapist*,-1
raptur*,1
rascal*,-1
rash*,-1
rat,-1
rational,1
rationally,1
rats,-1
ratti*,-1
rattl*,-1
ratty,-1
ravag*,-1
reactionary*,-1
readiness*,1
ready*,1
reaffirm*,1
reanimat*,1
reasonab*,1
reassur*,1
rebel*,-1
rebuff*,-1
rebuk*,-1
rebut*,-1
recalcitrant*,-1
reced*,-1
receptiv*,1
reckless*,-1
reclaim*,1
recoil*,-1
reconcil*,1
recover*,1
recreation*,1
recreativ*,1
rectif*,1
rectitude,1
redeem*,1
redundan*,-1
reek*,-1
reestablish*,1
refreshing*,1
refus*,-1
regard,1
regardful*,1
regress*,-1
regret*,-1
regularity*,1
reinforc*,1
reinstat*,1
reject*,-1
rejoic*,1
relaps*,-1
relax*,1
relevancy*,1
relevant*,1
reliab*,1
reliant*,1
relief*,1
reliev*,1
relish*,1
reluctan*,-1
remarkab*,1
remedy*,1
remodel*,1
remorse,-1
remorseful*,-1
remorseless,-1
renege*,-1
renewab*,-1
renounc*,-1
renovat*,1
renown*,1
renunciation*,-1
repair,1
repaired,1
repairing,1
repairs,1
reparation*,1
reparte*,1
repeal*,-1
repel*,-1
repent*,-1
reprehensib*,-1
repress*,-1
repriev*,1
reproach*,-1
repudiat*,-1
repugnan*,-1
repuls*,-1
reputab*,1
rescu*,1
resent*,-1
resign*,-1
resistan*,1
resolut*,1
resolv*,1
resourceful*,1
resources*,1
respect,1
respectab*,1
respected,1
respectful*,1
respects,1
resplendent*,1
responsib*,1
responsiv*,1
restful*,1
restiv*,-1
restless*,-1
restor*,1
restrict*,-1
retaliat*,-1
retard,-1
retreat*,-1
retribut*,-1
revel,1
reveling,1
revell*,1
revels,1
reveng*,-1
revere*,1
revert*,-1
revitaliz*,1
reviv*,1
revok*,-1
revolt*,-1
revolutionary,1
revolutioniz*,1
revulsion*,-1
reward*,1
rich*,1
ridicul*,-1
right,1
righted,1
righteous*,1
rightful*,1
righting,1
rightly,1
rights,1
rigid*,-1
rigor*,-1
rigour*,-1
rile*,-1
rip,-1
ripe,1
ripen*,1
ripest,1
ripp*,-1
rips,-1
risk*,-1
rivalry*,-1
rob,-1
robb*,-1
robs,-1
robust*,1
rogu*,-1
rollick*,1
romanc*,1
romantic*,1
rosy*,1
rot,-1
rots,-1
rotted,-1
rotten*,-1
rotting,-1
rough,-1
roughed,-1
rougher,-1
roughest,-1
roughing,-1
roughness,-1
roughshod,-1
rudderless*,-1
rude*,-1
rue*,-1
ruffian*,-1
ruffl*,-1
ruin*,-1
rumpl*,-1
rumpus*,-1
ruptur*,-1
rusty*,-1
ruthless*,-1
sabotag*,-1
sacred*,1
sad,-1
sadde*,-1
sadly*,-1
sadnes*,-1
safe,1
safeguard*,1
safekeeping,1
safely,1
safeness,1
safer,1
safest,1
safety*,1
sag,-1
sagacity*,1
sage,1
sagely,1
sageness,1
sages,1
sagest,1
sagg*,-1
saint*,1
salut*,1
salvage,1
salvaged,1
salvages,1
salvation*,1
sanctify*,1
sane*,1
sanguin*,1
sanitary*,1
sanity*,1
sap,-1
sapid*,1
sapped,-1
sapper,-1
sappi*,-1
sappy,-1
saps,-1
sarcas*,-1
satisf*,1
saucy*,-1
savag*,-1
savvy*,1
scandal*,-1
scant,-1
scapegoat*,-1
scar,-1
scarc*,-1
scare,-1
scared,-1
scares,-1
scarey,-1
scari*,-1
scarred,-1
scarring,-1
scars,-1
scary*,-1
scath*,-1
schoolfellow*,1
schoolman*,1
scientific*,1
scof*,-1
scold*,-1
scorn*,-1
scoundrel*,-1
scourg*,-1
scowl*,-1
scrap,-1
scrape,-1
scraped,-1
scrapes,-1
scraping*,-1
scrapp*,-1
scraps,-1
scream*,-1
screw,-1
screwed,-1
screwi*,-1
screws,-1
screwy,-1
scrumptious*,1
scrupl*,-1
scrupulous*,1
scuffl*,-1
scum,-1
scumm*,-1
scums,-1
seced*,-1
secession*,-1
secure,1
secured,1
secures,1
securing,1
sedentary*,-1
seditious*,-1
seducing*,1
seductiv*,1
sedulous*,1
seedy*,-1
seethe*,-1
segregat*,-1
seiz*,-1
selfish,-1
selfishless*,1
selfishly*,-1
selfishness*,-1
selfless*,1
sensation,1
sensational,1
sensations,1
sense,1
senseless*,-1
senses,1
sensitiv*,1
sensual*,1
sensuous*,1
sequester*,-1
serene*,1
serenity*,1
seriocomic*,-1
serious*,-1
serpent*,-1
servitud*,-1
sever,-1
severe*,-1
severi*,-1
severs,-1
sexier,1
sexiest,1
sexiness,1
sexism,-1
sexist,-1
sexy,1
shabby*,-1
shadi*,-1
shadow,-1
shadowed,-1
shadowi*,-1
shadows,-1
shadowy*,-1
shady*,-1
shake*,-1
shaki*,-1
shaky*,-1
shallow*,-1
sham,-1
shame,-1
shamed*,-1
shamefaced*,-1
shameful*,-1
shameless*,-1
shames*,-1
shaming,-1
shammed,-1
shammer,-1
shamming,-1
shams,-1
shatter,-1
shattered,-1
shattering,-1
shatterproof,-1
shatters,-1
sheepish*,-1
shell,-1
sheltered,1
sheltering,1
shelters,1
shield*,1
shiny*,1
shipwreck*,-1
shirk*,-1
shit*,-1
shiver*,-1
shock,-1
shocked,-1
shocker,-1
shocking,-1
shockproof,-1
shocks,-1
shoddy*,-1
shortage*,-1
shortchang*,-1
shortcoming*,-1
shortfall,-1
shorthand*,-1
shortsighted*,-1
shove,-1
shoved,-1
shover,-1
shoves,-1
shoving,-1
shrew,-1
shrewd*,1
shrewish,-1
shriek*,-1
shrivel*,-1
shudder*,-1
shun*,-1
shy,-1
shyer,-1
shyest,-1
shying,-1
shyly,-1
shyness,-1
sick,-1
sicke*,-1
sicki*,-1
sickl*,-1
sickness*,-1
sigh,-1
sighed,-1
sighing,-1
sighs,-1
significanc*,1
significant,1
simplify*,1
simplistic*,-1
sin,-1
sincer*,1
sinful*,-1
sing,1
singing,1
sings,1
sinister*,-1
sink*,-1
sinless,1
sinned,-1
sinner*,-1
sinning,-1
sins,-1
sizzl*,-1
skeptic*,-1
sketchy*,-1
skill,1
skilled,1
skillful*,1
skirmish*,-1
skulk*,-1
slack*,-1
slain*,-1
slam*,-1
slander*,-1
slap,-1
slapped,-1
slapping,-1
slaps,-1
slaughter*,-1
slavery,-1
slay*,-1
sleaz*,-1
sleek*,1
slighted,-1
slighter,-1
slighting,-1
slights,-1
slime*,-1
slimy*,-1
slippery*,-1
slither*,-1
slob,-1
slop,-1
slopp*,-1
sloth*,-1
slug*,-1
slump*,-1
slur,-1
slurred,-1
slurring,-1
slurs,-1
slut*,-1
sly*,-1
smack*,-1
smart*,1
smash,-1
smashed,-1
smasher*,-1
smashes,-1
smashing*,-1
smashup*,-1
smear*,-1
smile*,1
smiling*,1
smitten*,1
smokescreen*,-1
smooth,1
smoothe*,1
smoothing,1
smoothly,1
smoothness,1
smooths,1
smother*,-1
smug*,-1
snarl*,-1
sneak,-1
sneaking,-1
sneaks,-1
sneaky,-1
sneer*,-1
snigger*,-1
snob*,-1
snore*,-1
snug*,1
sob,-1
sobb*,-1
sober*,1
sobriety*,1
sobs,-1
sociab*,1
social*,1
softhearted*,1
softness*,1
solac*,1
solemn*,1
solicitud*,-1
somber*,-1
sombr*,-1
soothe*,1
soothing*,1
sop,-1
sophisticat*,1
soporific*,-1
sopp*,-1
sops,-1
sore*,-1
sorrow*,-1
sorry*,-1
soulless*,-1
soulmate*,1
sound,1
soundest,1
soundly,1
soundness,1
sour,-1
soured,-1
sourer,-1
sourest,-1
souring,-1
sourly,-1
sourness,-1
sourpuss,-1
sours,-1
spank*,-1
sparkl*,1
spear,-1
speared,-1
spearing,-1
spears,-1
special,1
specialist*,1
spectacular*,1
spill*,-1
spiral*,-1
spirit*,1
spiritless,-1
spit,-1
spite*,-1
spiting,-1
spits,-1
spitting,-1
spleen*,-1
splend*,1
spoil*,-1
spotless*,1
spotti*,-1
spotty*,-1
sprain*,-1
sprightly*,1
spurn*,-1
sputter*,-1
squander*,-1
stab,-1
stabbed*,-1
stabber*,-1
stabbing*,-1
stabili*,1
stable,1
stableness,1
stabs*,-1
stagnant*,-1
stale*,-1
stamina*,1
stammer*,-1
standstill*,-1
starter,1
startl*,-1
starv*,-1
stately*,1
static*,-1
staunch*,1
steadfast*,1
steadiness*,1
steady*,1
steal,-1
stealing,-1
steals,-1
stench*,-1
stern,-1
sternest,-1
sternly,-1
stew,-1
stewed,-1
stewing,-1
stews,-1
sticki*,-1
sticky,-1
stiff*,-1
stifl*,-1
stigma*,-1
stimulat*,1
sting*,-1
stink*,-1
stole*,-1
stolid*,-1
storm*,-1
straighten*,1
straightest,1
straightforward,1
strain,-1
strained,-1
straining,-1
strains,-1
strang*,-1
strength*,1
stress*,-1
stricken*,-1
strict*,-1
strif,-1
strife,-1
strifeless*,1
strikeout*,-1
strong,1
stronger,1
strongest,1
stronghold*,1
strongman,1
struck*,-1
struggl*,-1
strut*,-1
stubborn*,-1
studious*,1
stuffy*,-1
stumb*,-1
stun,-1
stung,-1
stunk,-1
stunned*,-1
stuns,-1
stunted,-1
stupef*,-1
stupendous*,1
stupid*,-1
stupor*,-1
sturdy*,1
stylish*,1
suav*,1
subjection*,-1
subjugat*,-1
sublime*,1
submissiv*,-1
subservien*,-1
subside,1
subsides,1
subsist*,1
substantiat*,1
subver*,-1
succeed*,1
success,1
successes,1
successful*,1
succumb*,-1
suck,-1
sucked,-1
sucker,-1
sucking,-1
suckl*,1
sucks,-1
suffer*,-1
suffic*,1
suffocat*,-1
suggestiv*,1
suitability,1
suitable*,1
suitably,1
sulk*,-1
sullen*,-1
sumptuous*,1
sunny*,1
super,1
superable,1
superably,1
superb,1
superboy,1
supercool,1
supereminen*,1
superficial*,-1
superfluous*,-1
supergirl,1
supergroup,1
superhuman,1
superior,1
superiority,1
superlativ*,1
superman,1
supermen,1
superstar*,1
superwoman,1
superwomen,1
support*,1
suppress*,-1
surmount*,1
surrender*,-1
surviv*,1
susceptib*,-1
suspect*,-1
suspens*,-1
suspicio*,-1
sustain*,1
swear*,-1
sweet,1
sweeten*,1
sweeter,1
sweetest,1
sweetheart*,1
sweetie,1
sweetly,1
sweetness,1
sweets,1
symboli*,1
sympathetic*,1
sympathi*,1
sympathy*,1
symphon*,1
taboo*,-1
tacky*,-1
tact,1
tactful*,1
tactless*,-1
taint,-1
tainted,-1
tainting,-1
taintless,1
taints,-1
talent*,1
tamper*,-1
tantali*,-1
tantrum*,-1
tardy*,-1
tasteful,1
tasteless,-1
tatter*,-1
taunt*,-1
taxing,-1
tear,-1
teardrop*,-1
tearful*,-1
tearing,-1
tears,-1
teary,-1
tease,-1
teased,-1
teases,-1
teasing,-1
teasingly,1
tedious*,-1
temper,-1
temperamental*,-1
temperance,1
temperate,1
temperately,1
temperateness,1
tempered,-1
tempering*,1
tempers,-1
tempest*,-1
temptation,-1
tenacious*,1
tender,1
tenderhearted*,1
tenderly,1
tenderness,1
tense*,-1
tension*,-1
terribl*,-1
terrific*,1
terrifie*,-1
terrify*,-1
terror*,-1
thank,1
thanked,1
thanker,1
thankf*,1
thanking,1
thanks,1
thankworthy,1
thaw*,1
theft*,-1
therapeutic*,1
thief*,-1
thieve*,-1
thorn*,-1
thorough,1
thoughtful*,1
thoughtless*,-1
thrash*,-1
threat*,-1
thrift,1
thrifti*,1
thriftless*,1
thrifts,-1
thrifty,1
thrill*,1
thriv*,1
thwart*,-1
tickl*,1
tidy*,1
timid*,-1
timorous*,-1
tingl*,1
tirade*,-1
tired*,-1
tireless*,1
tiresome*,-1
titillat*,1
toil*,-1
tolera*,1
too,-1
topmost*,1
toppl*,-1
torment*,-1
torn*,-1
torrent*,-1
tortur*,-1
touchy*,-1
tough*,-1
toxic*,-1
traged*,-1
tragic,-1
tragically,-1
trained,1
traitor*,-1
tramp,-1
tramped,-1
tramper*,-1
tramping,-1
trampl*,-1
tramps,-1
tranquil,1
tranquilit*,1
tranquillit*,1
tranquilly,1
tranquilness,1
transgress*,-1
trap,-1
trapped,-1
traps,-1
trashed,-1
trashing,-1
trashy,-1
trauma*,-1
treacherou*,-1
treachery*,-1
treason*,-1
treasure,1
treasured,1
treasures,1
treasuring,1
trembl*,-1
tremendous*,1
tremor*,-1
tremulou*,-1
trepid*,-1
trespass*,-1
tribute*,1
trick,-1
tricked,-1
tricker,-1
tricki*,-1
tricks,-1
trifl*,-1
trite*,-1
triump*,1
trivi*,-1
trophy*,1
troubl*,-1
truan*,-1
true*,1
trust,1
trustable,1
trusted,1
trustful*,1
trusti*,1
trustless*,-1
trusts,1
trustworth*,1
trusty,1
truth*,1
tumbl*,-1
tumor*,-1
tumult*,-1
turbulen*,-1
turmoil*,-1
twilight*,-1
twitch*,-1
tyran*,-1
ugh*,-1
ugl*,-1
umbrag*,-1
unable*,-1
unacceptab*,-1
unaccount*,-1
unaccustomed*,-1
unaffected*,1
unapolog*,-1
unassertiv*,-1
unattractiv*,-1
unauthentic*,-1
unaware*,-1
unbalanced,-1
unbearab*,-1
unbelievab*,-1
unbound*,1
unbroken*,1
unburden*,1
uncaring*,-1
uncertain*,-1
uncheerful*,-1
uncivil*,-1
unclean*,-1
unclear*,-1
uncomfortab*,-1
unconcerned*,-1
unconscious*,-1
uncontrol*,-1
uncouth*,-1
uncover*,1
unculpab*,1
undaunt*,1
undecked*,1
undefined*,-1
undependab*,-1
underbelly,-1
undermin*,-1
underpaid,-1
understand*,1
undesirab*,-1
undetermined*,-1
undignified*,-1
undiminished*,-1
undisput*,1
undo,-1
undoable,-1
undoes,-1
undoing,-1
undone*,-1
undoubted*,1
undue*,-1
uneas*,-1
uneconomical*,-1
unemployable*,-1
unenviab*,-1
unequal*,-1
unethical*,-1
uneven*,-1
unfailing,1
unfair*,-1
unfaithful*,-1
unfamiliar*,-1
unfavorab*,-1
unfavourab*,-1
unfeeling*,-1
unfinished*,-1
unfit*,-1
unforbidden*,1
unforeseen*,-1
unforgettab*,1
unfortunat*,-1
unfounded,-1
unfriend*,-1
ungrateful*,-1
unguarded*,-1
unhapp*,-1
unhealthy*,-1
unimagin*,-1
unimpeach*,1
unimportant*,-1
unimpress*,-1
uninformed*,-1
uninspir*,-1
uninterest*,-1
uninvited*,-1
uniqu*,1
unite*,1
uniting,1
unity*,1
unjust*,-1
unkind*,-1
unknown*,-1
unlawful*,-1
unleash*,-1
unlika,-1
unlikelihood,-1
unlikely,-1
unlov*,-1
unluck*,-1
unmaimed*,1
unmolested*,1
unmotivat*,-1
unmoved*,-1
unnatural*,-1
unnecessary*,-1
unnerv*,-1
unnoticed*,-1
unobserved*,-1
unpleasant*,-1
unpopular*,-1
unprecedented*,-1
unpredictab*,-1
unprepared*,-1
unproductive*,-1
unprofitab*,-1
unprotected*,-1
unproven,-1
unqualified*,-1
unread*,-1
unreal*,-1
unreasonabl*,-1
unreliab*,-1
unremarkab*,-1
unrest,-1
unrestful*,-1
unresting,-1
unrestored,-1
unrestrained,-1
unripe*,-1
unru*,-1
unsaf*,-1
unsatisfactory,-1
unsavo*,-1
unscrupulous*,-1
unseen*,-1
unselfish*,1
unsettl*,-1
unsightly*,-1
unsound*,-1
unspeakable*,-1
unspectacular*,-1
unstab*,-1
unstead*,-1
unsuccessful*,-1
unsur*,-1
unthanked*,-1
untimely*,-1
untiring*,1
untold*,-1
untrained*,-1
untroubled*,1
untrue*,-1
untrust*,-1
untruth*,-1
unusab*,-1
unusual*,-1
unwanted,-1
unwarranted*,-1
unwaver*,1
unwelcom*,-1
unwilling*,-1
unwise*,-1
unworr*,1
unworth*,-1
upgrade*,1
uphill,-1
uphold*,1
uplift*,1
upright*,1
uprising*,-1
uproar*,-1
upset*,-1
upside,1
uptight*,-1
useful*,1
useless*,-1
usurp*,-1
utilitarian*,1
vagabond*,-1
vagrant*,-1
vague*,-1
vain*,-1
valiant*,1
valid*,1
valor*,1
valour*,1
valu*,1
vanish*,-1
vanity*,-1
vanquish*,1
vapor*,-1
vapour*,-1
veil*,-1
venerab*,1
venerat*,1
vengeanc*,-1
vengeful*,-1
venom*,-1
veritab*,1
versatil*,1
vex*,-1
viab*,1
vibran*,1
vice,-1
vices,-1
vicious*,-1
victim*,-1
victor*,1
vigilan*,1
vigor*,1
vigour*,1
vile*,-1
villain*,-1
vindictiv*,-1
violat*,-1
violenc*,-1
violent*,-1
viper*,-1
viral,-1
virtue*,1
virtuo*,1
virulent,-1
vision,1
visionar*,1
vital*,1
vivaciou*,1
vivacity*,1
vivid*,1
void*,-1
volatil*,-1
voluntary*,1
vouchsaf*,1
vulgar*,-1
vulnerab*,-1
vulture*,-1
wail*,-1
wait,-1
wallow*,-1
wanker*,-1
wanton*,-1
war,-1
warble*,-1
warbling,-1
warfare*,-1
warier,-1
wariest,-1
warily,-1
wariness,-1
warlik*,-1
warm,1
warmed,1
warmer,1
warmest,1
warmhearted*,1
warming,1
warmly,1
warmness,1
warmonger,-1
warms,-1
warmth,1
warn*,-1
warp,-1
warpath*,-1
warped,-1
warper,-1
warping,-1
warrantless*,-1
warred,-1
warring*,-1
wars*,-1
wart,-1
warti*,-1
wary*,-1
waste*,-1
wayward*,-1
weak*,-1
wealth*,1
weariness*,-1
wearisom*,-1
weary*,-1
wedlock*,1
weed,-1
weedi*,-1
weeds,-1
weedy,-1
weep*,-1
weird*,-1
welcom*,1
well,1
wellness,1
wench*,-1
wept*,-1
whack,-1
whimp*,-1
whin*,-1
whip,-1
whiplash*,-1
whipped,-1
whipper,-1
whipping,-1
whips,-1
wholesom*,1
whore*,-1
wicked*,-1
wild,-1
will,1
willingly*,1
willingness*,1
wily*,-1
wimp*,-1
win,1
winc*,-1
windfall,1
wining,-1
winn*,1
wins,1
wisdom*,1
wise,1
wised,1
wisely,1
wiser,1
wises,1
wisest,1
wit,1
witch*,-1
wither*,-1
withheld,-1
withhold*,-1
witti*,1
witty*,1
woe*,-1
won,1
wonderf*,1
wondrous*,1
woo,1
wooed*,1
wooer,1
wooing*,1
woos,1
woozier,-1
wooziest,-1
wooziness,-1
woozy,-1
workable*,1
workmanship*,1
worn*,-1
worr*,-1
worse*,-1
worship*,1
worst*,-1
worth,1
worthi*,1
worthless*,-1
worthwhile*,1
worthy*,1
wound,-1
wounded,-1
wounds,-1
wrath*,-1
wreck*,-1
wrestl*,-1
wretch*,-1
writhe*,-1
wrong*,-1
xenophob*,-1
yawn*,-1
yearn*,-1
yuck*,-1
zeal,1
zealot*,-1
zealous*,1
zest*,1
